country,country_slug,field,label,group,text,value,unit,as_of,status,age_months,sla_months,confidence,source_publisher,source_url,source_kind
Panama,panama,costUsd,Cost of living,Living,2100,2100,USD/mo,2026-07,fresh,1,6,high,Thon,https://thonretire.com/method,thon
Panama,panama,fly,Flight time from Australia,Logistics,30,30,hours,2026-07,fresh,1,24,high,Thon,https://thonretire.com/method,thon
Panama,panama,health,Healthcare quality,Living,7.8,7.8,/10,2026-07,fresh,1,6,high,Thon,https://thonretire.com/method,thon
Panama,panama,safety,Safety,Living,7,7,/10,2026-07,fresh,1,6,high,Thon,https://thonretire.com/method,thon
Panama,panama,score,Thon best-fit score,Thon composite,87,87,/100,2026-07,fresh,1,6,high,Thon,https://thonretire.com/method,thon
Panama,panama,tax,Tax on foreign pension,Tax,0%,0,%,2026-07,fresh,1,3,high,"Dirección General de Ingresos (DGI/MEF), Panama",https://dgi.mef.gob.pa/DInforme/GD-ISR,official
Panama,panama,inc,Min income / assets,Visa & Residency,"$1,000/mo pension",1000,USD/mo,2026-07,fresh,1,3,high,"Servicio Nacional de Migración, Panama",https://www.migracion.gob.pa/,official
Panama,panama,visa,Retirement visa,Visa & Residency,Pensionado,,,2026-07,fresh,1,3,solid,"Servicio Nacional de Migración, Panama",https://www.migracion.gob.pa/,official
Panama,panama,pr,Path to permanent residency,Visa & Residency,Immediate,,,2026-07,fresh,1,3,solid,"Servicio Nacional de Migración, Panama",https://www.migracion.gob.pa/,official
Panama,panama,inherit,Inheritance / estate tax,Tax,No inheritance tax,,,2026-07,fresh,1,24,solid,"Dirección General de Ingresos (DGI/MEF), Panama",https://dgi.mef.gob.pa/DInforme/GD-ISR,official
Panama,panama,prop,Foreign property ownership,Finance & Property,Yes — freehold,,,2026-07,fresh,1,24,solid,National civil and property code,,secondary
Panama,panama,minAge,Minimum age,Visa & Residency,18 — pension-based,,,2026-07,fresh,1,3,solid,"Servicio Nacional de Migración, Panama",https://www.migracion.gob.pa/,official
Panama,panama,taxResDays,Tax-residency threshold,Tax,183 days,183,days,2026-07,fresh,1,6,high,"Dirección General de Ingresos (DGI/MEF), Panama",https://dgi.mef.gob.pa/DInforme/GD-ISR,official
Panama,panama,citPath,Path to citizenship,Visa & Residency,5 yrs (3 if married to Panamanian),5,years,2026-07,fresh,1,3,high,"Servicio Nacional de Migración, Panama",https://www.migracion.gob.pa/,official
Panama,panama,deposit,Deposit / bond required,Finance & Property,None,,,2026-07,fresh,1,3,solid,"Servicio Nacional de Migración, Panama",https://www.migracion.gob.pa/,official
Panama,panama,setupCost,Cost to establish residency,Finance & Property,~$3–6k legal + fees,3000,USD,2026-07,fresh,1,3,high,"Servicio Nacional de Migración, Panama",https://www.migracion.gob.pa/,official
Panama,panama,propTax,Annual property tax,Tax,0–0.7% · first $120k exempt,0,%,2026-07,fresh,1,3,high,"Dirección General de Ingresos (DGI/MEF), Panama",https://dgi.mef.gob.pa/DInforme/GD-ISR,official
Panama,panama,cgt,Capital gains tax,Tax,0% on foreign assets,0,%,2026-07,fresh,1,3,high,"Dirección General de Ingresos (DGI/MEF), Panama",https://dgi.mef.gob.pa/DInforme/GD-ISR,official
Panama,panama,procTime,Visa processing time,Visa & Residency,3–6 months,,,2026-07,fresh,1,6,solid,"Servicio Nacional de Migración, Panama",https://www.migracion.gob.pa/,official
Panama,panama,heirship,Forced-heirship rules,Finance & Property,None — free testation,,,2026-07,fresh,1,24,solid,National civil and property code,,secondary
Panama,panama,insReq,Health insurance required,Logistics,No — health cert only,,,2026-07,fresh,1,3,solid,"Servicio Nacional de Migración, Panama",https://www.migracion.gob.pa/,official
Panama,panama,renew,Visa renewal ease,Logistics,Permanent — visit 1×/2 yrs,,,2026-07,fresh,1,3,solid,"Servicio Nacional de Migración, Panama",https://www.migracion.gob.pa/,official
Panama,panama,deps,Provision for dependents,Logistics,Yes — +$250/mo pension each,,,2026-07,fresh,1,3,solid,"Servicio Nacional de Migración, Panama",https://www.migracion.gob.pa/,official
Malaysia,malaysia,costUsd,Cost of living,Living,1900,1900,USD/mo,2026-07,fresh,1,6,high,Thon,https://thonretire.com/method,thon
Malaysia,malaysia,fly,Flight time from Australia,Logistics,8,8,hours,2026-07,fresh,1,24,high,Thon,https://thonretire.com/method,thon
Malaysia,malaysia,health,Healthcare quality,Living,8.7,8.7,/10,2026-07,fresh,1,6,high,Thon,https://thonretire.com/method,thon
Malaysia,malaysia,safety,Safety,Living,7.5,7.5,/10,2026-07,fresh,1,6,high,Thon,https://thonretire.com/method,thon
Malaysia,malaysia,score,Thon best-fit score,Thon composite,82,82,/100,2026-07,fresh,1,6,high,Thon,https://thonretire.com/method,thon
Malaysia,malaysia,tax,Tax on foreign pension,Tax,0%,0,%,2026-07,fresh,1,3,high,"Lembaga Hasil Dalam Negeri (LHDN/IRB), Malaysia",https://www.hasil.gov.my/media/fzofh1gz/20240620-guidelines-tax-treatment-in-relation-to-income-received-from-abroad-amendment-june-2024.pdf,official
Malaysia,malaysia,inc,Min income / assets,Visa & Residency,US$150k FD + RM600k home,150000,USD,2026-07,fresh,1,3,high,"MM2H Centre, Ministry of Tourism, Arts and Culture, Malaysia",https://www.mm2h.gov.my/,official
Malaysia,malaysia,visa,Retirement visa,Visa & Residency,MM2H (Silver),,,2026-07,fresh,1,3,solid,"MM2H Centre, Ministry of Tourism, Arts and Culture, Malaysia",https://www.mm2h.gov.my/,official
Malaysia,malaysia,pr,Path to permanent residency,Visa & Residency,No PR route,,,2026-07,fresh,1,3,solid,"MM2H Centre, Ministry of Tourism, Arts and Culture, Malaysia",https://www.mm2h.gov.my/,official
Malaysia,malaysia,inherit,Inheritance / estate tax,Tax,No inheritance tax,,,2026-07,fresh,1,24,solid,"Lembaga Hasil Dalam Negeri (LHDN/IRB), Malaysia",https://www.hasil.gov.my/media/fzofh1gz/20240620-guidelines-tax-treatment-in-relation-to-income-received-from-abroad-amendment-june-2024.pdf,official
Malaysia,malaysia,prop,Foreign property ownership,Finance & Property,Yes — RM600k buy mandatory,,,2026-07,fresh,1,24,solid,National civil and property code,,secondary
Malaysia,malaysia,minAge,Minimum age,Visa & Residency,25+ (Silver tier),25,years,2026-07,fresh,1,3,high,"MM2H Centre, Ministry of Tourism, Arts and Culture, Malaysia",https://www.mm2h.gov.my/,official
Malaysia,malaysia,taxResDays,Tax-residency threshold,Tax,182 days,182,days,2026-07,fresh,1,6,high,"Lembaga Hasil Dalam Negeri (LHDN/IRB), Malaysia",https://www.hasil.gov.my/media/fzofh1gz/20240620-guidelines-tax-treatment-in-relation-to-income-received-from-abroad-amendment-june-2024.pdf,official
Malaysia,malaysia,citPath,Path to citizenship,Visa & Residency,10–12 yrs; rarely granted,12,years,2026-07,fresh,1,3,high,"MM2H Centre, Ministry of Tourism, Arts and Culture, Malaysia",https://www.mm2h.gov.my/,official
Malaysia,malaysia,deposit,Deposit / bond required,Finance & Property,US$150k FD — 50% out yr 2,150000,USD,2026-07,fresh,1,3,high,"MM2H Centre, Ministry of Tourism, Arts and Culture, Malaysia",https://www.mm2h.gov.my/,official
Malaysia,malaysia,setupCost,Cost to establish residency,Finance & Property,~US$11–14k (agent + gov),11000,USD,2026-07,fresh,1,3,high,"MM2H Centre, Ministry of Tourism, Arts and Culture, Malaysia",https://www.mm2h.gov.my/,official
Malaysia,malaysia,propTax,Annual property tax,Tax,Low — ~US$200–700/yr,,,2026-07,fresh,1,3,solid,"Lembaga Hasil Dalam Negeri (LHDN/IRB), Malaysia",https://www.hasil.gov.my/media/fzofh1gz/20240620-guidelines-tax-treatment-in-relation-to-income-received-from-abroad-amendment-june-2024.pdf,official
Malaysia,malaysia,cgt,Capital gains tax,Tax,0% foreign gains (individuals),0,%,2026-07,fresh,1,3,high,"Lembaga Hasil Dalam Negeri (LHDN/IRB), Malaysia",https://www.hasil.gov.my/media/fzofh1gz/20240620-guidelines-tax-treatment-in-relation-to-income-received-from-abroad-amendment-june-2024.pdf,official
Malaysia,malaysia,procTime,Visa processing time,Visa & Residency,1–3 mo (≤6 end-to-end),,,2026-07,fresh,1,6,solid,"MM2H Centre, Ministry of Tourism, Arts and Culture, Malaysia",https://www.mm2h.gov.my/,official
Malaysia,malaysia,heirship,Forced-heirship rules,Finance & Property,None (non-Muslims),,,2026-07,fresh,1,24,solid,National civil and property code,,secondary
Malaysia,malaysia,insReq,Health insurance required,Logistics,Yes — private medical,,,2026-07,fresh,1,3,solid,"MM2H Centre, Ministry of Tourism, Arts and Culture, Malaysia",https://www.mm2h.gov.my/,official
Malaysia,malaysia,renew,Visa renewal ease,Logistics,5-yr pass — easy,,,2026-07,fresh,1,3,solid,"MM2H Centre, Ministry of Tourism, Arts and Culture, Malaysia",https://www.mm2h.gov.my/,official
Malaysia,malaysia,deps,Provision for dependents,Logistics,"Spouse, kids <34, parents",,,2026-07,fresh,1,3,solid,"MM2H Centre, Ministry of Tourism, Arts and Culture, Malaysia",https://www.mm2h.gov.my/,official
Thailand,thailand,costUsd,Cost of living,Living,1800,1800,USD/mo,2026-07,fresh,1,6,high,Thon,https://thonretire.com/method,thon
Thailand,thailand,fly,Flight time from Australia,Logistics,9,9,hours,2026-07,fresh,1,24,high,Thon,https://thonretire.com/method,thon
Thailand,thailand,health,Healthcare quality,Living,8.2,8.2,/10,2026-07,fresh,1,6,high,Thon,https://thonretire.com/method,thon
Thailand,thailand,safety,Safety,Living,6.8,6.8,/10,2026-07,fresh,1,6,high,Thon,https://thonretire.com/method,thon
Thailand,thailand,score,Thon best-fit score,Thon composite,84,84,/100,2026-07,fresh,1,6,high,Thon,https://thonretire.com/method,thon
Thailand,thailand,tax,Tax on foreign pension,Tax,0%,0,%,2026-07,fresh,1,3,high,"The Revenue Department, Thailand",https://www.rd.go.th/fileadmin/user_upload/lorkhor/newspr/2024/FOREIGNERS_PAY_TAX2024.pdf,official
Thailand,thailand,inc,Min income / assets,Visa & Residency,$80k/yr or 800k THB,80000,USD/yr,2026-07,fresh,1,3,high,"Board of Investment (BOI), Thailand",https://ltr.boi.go.th/,official
Thailand,thailand,visa,Retirement visa,Visa & Residency,LTR / Retirement O-A,,,2026-07,fresh,1,3,solid,"Board of Investment (BOI), Thailand",https://ltr.boi.go.th/,official
Thailand,thailand,pr,Path to permanent residency,Visa & Residency,Difficult,,,2026-07,fresh,1,3,solid,"Board of Investment (BOI), Thailand",https://ltr.boi.go.th/,official
Thailand,thailand,inherit,Inheritance / estate tax,Tax,5–10% above 100M THB,,,2026-07,fresh,1,24,solid,"The Revenue Department, Thailand",https://www.rd.go.th/fileadmin/user_upload/lorkhor/newspr/2024/FOREIGNERS_PAY_TAX2024.pdf,official
Thailand,thailand,prop,Foreign property ownership,Finance & Property,Condo only (no land),,,2026-07,fresh,1,24,solid,National civil and property code,,secondary
Thailand,thailand,minAge,Minimum age,Visa & Residency,50+ (LTR-WP & O-A),50,years,2026-07,fresh,1,3,high,"Board of Investment (BOI), Thailand",https://ltr.boi.go.th/,official
Thailand,thailand,taxResDays,Tax-residency threshold,Tax,180 days,180,days,2026-07,fresh,1,6,high,"The Revenue Department, Thailand",https://www.rd.go.th/fileadmin/user_upload/lorkhor/newspr/2024/FOREIGNERS_PAY_TAX2024.pdf,official
Thailand,thailand,citPath,Path to citizenship,Visa & Residency,5 yrs PR then naturalise — very rare,5,years,2026-07,fresh,1,3,high,"Board of Investment (BOI), Thailand",https://ltr.boi.go.th/,official
Thailand,thailand,deposit,Deposit / bond required,Finance & Property,O-A 800k THB; LTR none,800000,THB,2026-07,fresh,1,3,high,"Board of Investment (BOI), Thailand",https://ltr.boi.go.th/,official
Thailand,thailand,setupCost,Cost to establish residency,Finance & Property,O-A ~US$1–2k; LTR 50k THB fee,1000,USD,2026-07,fresh,1,3,high,"Board of Investment (BOI), Thailand",https://ltr.boi.go.th/,official
Thailand,thailand,propTax,Annual property tax,Tax,Low — ~0.02–0.3% building tax,0.02,%,2026-07,fresh,1,3,high,"The Revenue Department, Thailand",https://www.rd.go.th/fileadmin/user_upload/lorkhor/newspr/2024/FOREIGNERS_PAY_TAX2024.pdf,official
Thailand,thailand,cgt,Capital gains tax,Tax,Taxed if remitted; LTR-WP exempt,,,2026-07,fresh,1,3,solid,"The Revenue Department, Thailand",https://www.rd.go.th/fileadmin/user_upload/lorkhor/newspr/2024/FOREIGNERS_PAY_TAX2024.pdf,official
Thailand,thailand,procTime,Visa processing time,Visa & Residency,LTR ~1–2 mo; O-A 2–4 wks,,,2026-07,fresh,1,6,solid,"Board of Investment (BOI), Thailand",https://ltr.boi.go.th/,official
Thailand,thailand,heirship,Forced-heirship rules,Finance & Property,None with a will,,,2026-07,fresh,1,24,solid,National civil and property code,,secondary
Thailand,thailand,insReq,Health insurance required,Logistics,O-A: 3M THB; LTR: $50k policy,,,2026-07,fresh,1,3,solid,"Board of Investment (BOI), Thailand",https://ltr.boi.go.th/,official
Thailand,thailand,renew,Visa renewal ease,Logistics,O-A yearly + 90-day reports; LTR 5+5,,,2026-07,fresh,1,3,solid,"Board of Investment (BOI), Thailand",https://ltr.boi.go.th/,official
Thailand,thailand,deps,Provision for dependents,Logistics,LTR: spouse + kids <20,,,2026-07,fresh,1,3,solid,"Board of Investment (BOI), Thailand",https://ltr.boi.go.th/,official
Cyprus,cyprus,costUsd,Cost of living,Living,2200,2200,USD/mo,2026-07,fresh,1,6,high,Thon,https://thonretire.com/method,thon
Cyprus,cyprus,fly,Flight time from Australia,Logistics,22,22,hours,2026-07,fresh,1,24,high,Thon,https://thonretire.com/method,thon
Cyprus,cyprus,health,Healthcare quality,Living,8,8,/10,2026-07,fresh,1,6,high,Thon,https://thonretire.com/method,thon
Cyprus,cyprus,safety,Safety,Living,8.3,8.3,/10,2026-07,fresh,1,6,high,Thon,https://thonretire.com/method,thon
Cyprus,cyprus,score,Thon best-fit score,Thon composite,78,78,/100,2026-07,fresh,1,6,high,Thon,https://thonretire.com/method,thon
Cyprus,cyprus,tax,Tax on foreign pension,Tax,0–5%,0,%,2026-07,fresh,1,3,high,"Tax Department, Ministry of Finance, Cyprus",https://mof.gov.cy/mof/tax/taxdep.nsf/0/f2a5610ba4f4c586c2258549002d6e1c?OpenDocument=,official
Cyprus,cyprus,inc,Min income / assets,Visa & Residency,~€9.6k/yr + €4.6k/dep,9600,EUR/yr,2026-07,fresh,1,3,high,"Civil Registry and Migration Department, Ministry of Interior, Cyprus",https://www.moi.gov.cy/MOI/CRMD/crmd.nsf/All/9D72A377EC99B41CC22587D500443595?OpenDocument,official
Cyprus,cyprus,visa,Retirement visa,Visa & Residency,Category F / Non-dom,,,2026-07,fresh,1,3,solid,"Civil Registry and Migration Department, Ministry of Interior, Cyprus",https://www.moi.gov.cy/MOI/CRMD/crmd.nsf/All/9D72A377EC99B41CC22587D500443595?OpenDocument,official
Cyprus,cyprus,pr,Path to permanent residency,Visa & Residency,On grant — long queue,,,2026-07,fresh,1,3,solid,"Civil Registry and Migration Department, Ministry of Interior, Cyprus",https://www.moi.gov.cy/MOI/CRMD/crmd.nsf/All/9D72A377EC99B41CC22587D500443595?OpenDocument,official
Cyprus,cyprus,inherit,Inheritance / estate tax,Tax,No inheritance tax,,,2026-07,fresh,1,24,solid,"Tax Department, Ministry of Finance, Cyprus",https://mof.gov.cy/mof/tax/taxdep.nsf/0/f2a5610ba4f4c586c2258549002d6e1c?OpenDocument=,official
Cyprus,cyprus,prop,Foreign property ownership,Finance & Property,Yes,,,2026-07,fresh,1,24,solid,National civil and property code,,secondary
Cyprus,cyprus,minAge,Minimum age,Visa & Residency,None — income-based,18,years,2026-07,fresh,1,3,high,"Civil Registry and Migration Department, Ministry of Interior, Cyprus",https://www.moi.gov.cy/MOI/CRMD/crmd.nsf/All/9D72A377EC99B41CC22587D500443595?OpenDocument,official
Cyprus,cyprus,taxResDays,Tax-residency threshold,Tax,183 days (or 60-day rule),183,days,2026-07,fresh,1,6,high,"Tax Department, Ministry of Finance, Cyprus",https://mof.gov.cy/mof/tax/taxdep.nsf/0/f2a5610ba4f4c586c2258549002d6e1c?OpenDocument=,official
Cyprus,cyprus,citPath,Path to citizenship,Visa & Residency,7 of last 10 yrs,10,years,2026-07,fresh,1,3,high,"Civil Registry and Migration Department, Ministry of Interior, Cyprus",https://www.moi.gov.cy/MOI/CRMD/crmd.nsf/All/9D72A377EC99B41CC22587D500443595?OpenDocument,official
Cyprus,cyprus,deposit,Deposit / bond required,Finance & Property,Income proof + €15–20k in bank,15000,EUR,2026-07,fresh,1,3,high,"Civil Registry and Migration Department, Ministry of Interior, Cyprus",https://www.moi.gov.cy/MOI/CRMD/crmd.nsf/All/9D72A377EC99B41CC22587D500443595?OpenDocument,official
Cyprus,cyprus,setupCost,Cost to establish residency,Finance & Property,~€3–7k (€500 gov + legal),3000,EUR,2026-07,fresh,1,3,high,"Civil Registry and Migration Department, Ministry of Interior, Cyprus",https://www.moi.gov.cy/MOI/CRMD/crmd.nsf/All/9D72A377EC99B41CC22587D500443595?OpenDocument,official
Cyprus,cyprus,propTax,Annual property tax,Tax,Abolished 2017; minor local fees,,,2026-07,fresh,1,3,solid,"Tax Department, Ministry of Finance, Cyprus",https://mof.gov.cy/mof/tax/taxdep.nsf/0/f2a5610ba4f4c586c2258549002d6e1c?OpenDocument=,official
Cyprus,cyprus,cgt,Capital gains tax,Tax,0% foreign; 20% CY property only,0,%,2026-07,fresh,1,3,high,"Tax Department, Ministry of Finance, Cyprus",https://mof.gov.cy/mof/tax/taxdep.nsf/0/f2a5610ba4f4c586c2258549002d6e1c?OpenDocument=,official
Cyprus,cyprus,procTime,Visa processing time,Visa & Residency,Backlog ~5–7 yrs (2026),,,2026-07,fresh,1,6,solid,"Civil Registry and Migration Department, Ministry of Interior, Cyprus",https://www.moi.gov.cy/MOI/CRMD/crmd.nsf/All/9D72A377EC99B41CC22587D500443595?OpenDocument,official
Cyprus,cyprus,heirship,Forced-heirship rules,Finance & Property,Forced heirship; opt out via EU650 will,,,2026-07,fresh,1,24,solid,National civil and property code,,secondary
Cyprus,cyprus,insReq,Health insurance required,Logistics,Yes,,,2026-07,fresh,1,3,solid,"Civil Registry and Migration Department, Ministry of Interior, Cyprus",https://www.moi.gov.cy/MOI/CRMD/crmd.nsf/All/9D72A377EC99B41CC22587D500443595?OpenDocument,official
Cyprus,cyprus,renew,Visa renewal ease,Logistics,None — permanent card,,,2026-07,fresh,1,3,solid,"Civil Registry and Migration Department, Ministry of Interior, Cyprus",https://www.moi.gov.cy/MOI/CRMD/crmd.nsf/All/9D72A377EC99B41CC22587D500443595?OpenDocument,official
Cyprus,cyprus,deps,Provision for dependents,Logistics,"Spouse + minors, +€4.6k/yr each",,,2026-07,fresh,1,3,solid,"Civil Registry and Migration Department, Ministry of Interior, Cyprus",https://www.moi.gov.cy/MOI/CRMD/crmd.nsf/All/9D72A377EC99B41CC22587D500443595?OpenDocument,official
Portugal,portugal,costUsd,Cost of living,Living,2600,2600,USD/mo,2026-07,fresh,1,6,high,Thon,https://thonretire.com/method,thon
Portugal,portugal,fly,Flight time from Australia,Logistics,24,24,hours,2026-07,fresh,1,24,high,Thon,https://thonretire.com/method,thon
Portugal,portugal,health,Healthcare quality,Living,9,9,/10,2026-07,fresh,1,6,high,Thon,https://thonretire.com/method,thon
Portugal,portugal,safety,Safety,Living,8.5,8.5,/10,2026-07,fresh,1,6,high,Thon,https://thonretire.com/method,thon
Portugal,portugal,score,Thon best-fit score,Thon composite,74,74,/100,2026-07,fresh,1,6,high,Thon,https://thonretire.com/method,thon
Portugal,portugal,tax,Tax on foreign pension,Tax,13–48%,13,%,2026-07,fresh,1,3,high,"Autoridade Tributária e Aduaneira — Portal das Finanças, Portugal",https://info.portaldasfinancas.gov.pt/en/tax-information/Pages/default.aspx,official
Portugal,portugal,inc,Min income / assets,Visa & Residency,"€920/mo (~$1,000)",920,EUR/mo,2026-07,fresh,1,3,high,"Agência para a Integração, Migrações e Asilo (AIMA), Portugal",https://aima.gov.pt/,official
Portugal,portugal,visa,Retirement visa,Visa & Residency,D7 (Passive Income),,,2026-07,fresh,1,3,solid,"Agência para a Integração, Migrações e Asilo (AIMA), Portugal",https://aima.gov.pt/,official
Portugal,portugal,pr,Path to permanent residency,Visa & Residency,5 yrs,,,2026-07,fresh,1,3,solid,"Agência para a Integração, Migrações e Asilo (AIMA), Portugal",https://aima.gov.pt/,official
Portugal,portugal,inherit,Inheritance / estate tax,Tax,No inheritance tax (10% stamp exempt for kin),,,2026-07,fresh,1,24,solid,"Autoridade Tributária e Aduaneira — Portal das Finanças, Portugal",https://info.portaldasfinancas.gov.pt/en/tax-information/Pages/default.aspx,official
Portugal,portugal,prop,Foreign property ownership,Finance & Property,Yes,,,2026-07,fresh,1,24,solid,National civil and property code,,secondary
Portugal,portugal,minAge,Minimum age,Visa & Residency,None (18+),18,years,2026-07,fresh,1,3,high,"Agência para a Integração, Migrações e Asilo (AIMA), Portugal",https://aima.gov.pt/,official
Portugal,portugal,taxResDays,Tax-residency threshold,Tax,183 days or habitual home,183,days,2026-07,fresh,1,6,high,"Autoridade Tributária e Aduaneira — Portal das Finanças, Portugal",https://info.portaldasfinancas.gov.pt/en/tax-information/Pages/default.aspx,official
Portugal,portugal,citPath,Path to citizenship,Visa & Residency,10 yrs (2026 reform — was 5),10,years,2026-07,fresh,1,3,high,"Agência para a Integração, Migrações e Asilo (AIMA), Portugal",https://aima.gov.pt/,official
Portugal,portugal,deposit,Deposit / bond required,Finance & Property,~€11k (12-mo income) in PT bank,11000,EUR,2026-07,fresh,1,3,high,"Agência para a Integração, Migrações e Asilo (AIMA), Portugal",https://aima.gov.pt/,official
Portugal,portugal,setupCost,Cost to establish residency,Finance & Property,~€2–5k legal + fees,2000,EUR,2026-07,fresh,1,3,high,"Agência para a Integração, Migrações e Asilo (AIMA), Portugal",https://aima.gov.pt/,official
Portugal,portugal,propTax,Annual property tax,Tax,IMI 0.3–0.45% + AIMI >€600k,0.3,%,2026-07,fresh,1,3,high,"Autoridade Tributária e Aduaneira — Portal das Finanças, Portugal",https://info.portaldasfinancas.gov.pt/en/tax-information/Pages/default.aspx,official
Portugal,portugal,cgt,Capital gains tax,Tax,28% shares — worldwide gains,28,%,2026-07,fresh,1,3,high,"Autoridade Tributária e Aduaneira — Portal das Finanças, Portugal",https://info.portaldasfinancas.gov.pt/en/tax-information/Pages/default.aspx,official
Portugal,portugal,procTime,Visa processing time,Visa & Residency,~60d visa; 6–9 mo to card,,,2026-07,fresh,1,6,solid,"Agência para a Integração, Migrações e Asilo (AIMA), Portugal",https://aima.gov.pt/,official
Portugal,portugal,heirship,Forced-heirship rules,Finance & Property,Forced heirship; will can elect AU law,,,2026-07,fresh,1,24,solid,National civil and property code,,secondary
Portugal,portugal,insReq,Health insurance required,Logistics,Yes,,,2026-07,fresh,1,3,solid,"Agência para a Integração, Migrações e Asilo (AIMA), Portugal",https://aima.gov.pt/,official
Portugal,portugal,renew,Visa renewal ease,Logistics,2 yrs then 3 — AIMA backlogs,,,2026-07,fresh,1,3,solid,"Agência para a Integração, Migrações e Asilo (AIMA), Portugal",https://aima.gov.pt/,official
Portugal,portugal,deps,Provision for dependents,Logistics,Yes — +50% spouse income,,,2026-07,fresh,1,3,solid,"Agência para a Integração, Migrações e Asilo (AIMA), Portugal",https://aima.gov.pt/,official
Malta,malta,costUsd,Cost of living,Living,2600,2600,USD/mo,2026-07,fresh,1,6,high,Thon,https://thonretire.com/method,thon
Malta,malta,fly,Flight time from Australia,Logistics,24,24,hours,2026-07,fresh,1,24,high,Thon,https://thonretire.com/method,thon
Malta,malta,health,Healthcare quality,Living,8.8,8.8,/10,2026-07,fresh,1,6,high,Thon,https://thonretire.com/method,thon
Malta,malta,safety,Safety,Living,8.4,8.4,/10,2026-07,fresh,1,6,high,Thon,https://thonretire.com/method,thon
Malta,malta,score,Thon best-fit score,Thon composite,80,80,/100,2026-07,fresh,1,6,high,Thon,https://thonretire.com/method,thon
Malta,malta,tax,Tax on foreign pension,Tax,15%,15,%,2026-07,fresh,1,3,high,"Commissioner for Revenue (CFR), Malta",https://cfr.gov.mt/en/individuals/Pages/Overseas-Pension.aspx,official
Malta,malta,inc,Min income / assets,Visa & Residency,Pension ≥75% of income,,,2026-07,fresh,1,3,solid,"Residency Malta Agency, Malta",https://residencymalta.gov.mt/legal-framework-mprp-2/,official
Malta,malta,visa,Retirement visa,Visa & Residency,Malta Retirement Prog.,,,2026-07,fresh,1,3,solid,"Residency Malta Agency, Malta",https://residencymalta.gov.mt/legal-framework-mprp-2/,official
Malta,malta,pr,Path to permanent residency,Visa & Residency,5 yrs,,,2026-07,fresh,1,3,solid,"Residency Malta Agency, Malta",https://residencymalta.gov.mt/legal-framework-mprp-2/,official
Malta,malta,inherit,Inheritance / estate tax,Tax,No inheritance tax (5% stamp),,,2026-07,fresh,1,24,solid,"Commissioner for Revenue (CFR), Malta",https://cfr.gov.mt/en/individuals/Pages/Overseas-Pension.aspx,official
Malta,malta,prop,Foreign property ownership,Finance & Property,Yes (AIP permit in areas),,,2026-07,fresh,1,24,solid,National civil and property code,,secondary
Malta,malta,minAge,Minimum age,Visa & Residency,55 (MRP),,,2026-07,fresh,1,3,solid,"Residency Malta Agency, Malta",https://residencymalta.gov.mt/legal-framework-mprp-2/,official
Malta,malta,taxResDays,Tax-residency threshold,Tax,183 days or ordinary residence,183,days,2026-07,fresh,1,6,high,"Commissioner for Revenue (CFR), Malta",https://cfr.gov.mt/en/individuals/Pages/Overseas-Pension.aspx,official
Malta,malta,citPath,Path to citizenship,Visa & Residency,~7 yrs — discretionary,7,years,2026-07,fresh,1,3,high,"Residency Malta Agency, Malta",https://residencymalta.gov.mt/legal-framework-mprp-2/,official
Malta,malta,deposit,Deposit / bond required,Finance & Property,Buy €275k / rent €9.6k+,275000,EUR,2026-07,fresh,1,3,high,"Residency Malta Agency, Malta",https://residencymalta.gov.mt/legal-framework-mprp-2/,official
Malta,malta,setupCost,Cost to establish residency,Finance & Property,~€6–10k (€2.5k fee + legal),6000,EUR,2026-07,fresh,1,3,high,"Residency Malta Agency, Malta",https://residencymalta.gov.mt/legal-framework-mprp-2/,official
Malta,malta,propTax,Annual property tax,Tax,None annual; 5% duty on purchase,5,%,2026-07,fresh,1,3,high,"Commissioner for Revenue (CFR), Malta",https://cfr.gov.mt/en/individuals/Pages/Overseas-Pension.aspx,official
Malta,malta,cgt,Capital gains tax,Tax,0% foreign gains even if remitted,0,%,2026-07,fresh,1,3,high,"Commissioner for Revenue (CFR), Malta",https://cfr.gov.mt/en/individuals/Pages/Overseas-Pension.aspx,official
Malta,malta,procTime,Visa processing time,Visa & Residency,~3–4 months,,,2026-07,fresh,1,6,solid,"Residency Malta Agency, Malta",https://residencymalta.gov.mt/legal-framework-mprp-2/,official
Malta,malta,heirship,Forced-heirship rules,Finance & Property,Forced heirship; elect AU law (EU650),,,2026-07,fresh,1,24,solid,National civil and property code,,secondary
Malta,malta,insReq,Health insurance required,Logistics,Yes,,,2026-07,fresh,1,3,solid,"Residency Malta Agency, Malta",https://residencymalta.gov.mt/legal-framework-mprp-2/,official
Malta,malta,renew,Visa renewal ease,Logistics,Annual compliance — routine,,,2026-07,fresh,1,3,solid,"Residency Malta Agency, Malta",https://residencymalta.gov.mt/legal-framework-mprp-2/,official
Malta,malta,deps,Provision for dependents,Logistics,"Spouse + deps, +€500 tax each",,,2026-07,fresh,1,3,solid,"Residency Malta Agency, Malta",https://residencymalta.gov.mt/legal-framework-mprp-2/,official
Costa Rica,costa-rica,costUsd,Cost of living,Living,2000,2000,USD/mo,2026-07,fresh,1,6,high,Thon,https://thonretire.com/method,thon
Costa Rica,costa-rica,fly,Flight time from Australia,Logistics,34,34,hours,2026-07,fresh,1,24,high,Thon,https://thonretire.com/method,thon
Costa Rica,costa-rica,health,Healthcare quality,Living,7.8,7.8,/10,2026-07,fresh,1,6,high,Thon,https://thonretire.com/method,thon
Costa Rica,costa-rica,safety,Safety,Living,6.8,6.8,/10,2026-07,fresh,1,6,high,Thon,https://thonretire.com/method,thon
Costa Rica,costa-rica,score,Thon best-fit score,Thon composite,77,77,/100,2026-07,fresh,1,6,high,Thon,https://thonretire.com/method,thon
Costa Rica,costa-rica,tax,Tax on foreign pension,Tax,0%,0,%,2026-07,fresh,1,3,high,"Caja Costarricense de Seguro Social (CCSS), Costa Rica",https://www.ccss.sa.cr/aseguramiento,official
Costa Rica,costa-rica,inc,Min income / assets,Visa & Residency,"$1,000/mo pension",1000,USD/mo,2026-07,fresh,1,3,high,"Dirección General de Migración y Extranjería, Costa Rica",https://migracion.go.cr/,official
Costa Rica,costa-rica,visa,Retirement visa,Visa & Residency,Pensionado,,,2026-07,fresh,1,3,solid,"Dirección General de Migración y Extranjería, Costa Rica",https://migracion.go.cr/,official
Costa Rica,costa-rica,pr,Path to permanent residency,Visa & Residency,3 yrs,,,2026-07,fresh,1,3,solid,"Dirección General de Migración y Extranjería, Costa Rica",https://migracion.go.cr/,official
Costa Rica,costa-rica,inherit,Inheritance / estate tax,Tax,No inheritance tax,,,2026-07,fresh,1,24,solid,"Caja Costarricense de Seguro Social (CCSS), Costa Rica",https://www.ccss.sa.cr/aseguramiento,official
Costa Rica,costa-rica,prop,Foreign property ownership,Finance & Property,Yes — freehold,,,2026-07,fresh,1,24,solid,National civil and property code,,secondary
Costa Rica,costa-rica,minAge,Minimum age,Visa & Residency,18 — pension-based,,,2026-07,fresh,1,3,solid,"Dirección General de Migración y Extranjería, Costa Rica",https://migracion.go.cr/,official
Costa Rica,costa-rica,taxResDays,Tax-residency threshold,Tax,183 days (foreign income exempt),183,days,2026-07,fresh,1,6,high,"Caja Costarricense de Seguro Social (CCSS), Costa Rica",https://www.ccss.sa.cr/aseguramiento,official
Costa Rica,costa-rica,citPath,Path to citizenship,Visa & Residency,7 yrs residence,7,years,2026-07,fresh,1,3,high,"Dirección General de Migración y Extranjería, Costa Rica",https://migracion.go.cr/,official
Costa Rica,costa-rica,deposit,Deposit / bond required,Finance & Property,~$300+/person refundable,300,USD,2026-07,fresh,1,3,high,"Dirección General de Migración y Extranjería, Costa Rica",https://migracion.go.cr/,official
Costa Rica,costa-rica,setupCost,Cost to establish residency,Finance & Property,~$1.5–3k legal + fees,1500,USD,2026-07,fresh,1,3,high,"Dirección General de Migración y Extranjería, Costa Rica",https://migracion.go.cr/,official
Costa Rica,costa-rica,propTax,Annual property tax,Tax,0.25%/yr + luxury home tax,0.25,%,2026-07,fresh,1,3,high,"Caja Costarricense de Seguro Social (CCSS), Costa Rica",https://www.ccss.sa.cr/aseguramiento,official
Costa Rica,costa-rica,cgt,Capital gains tax,Tax,0% on foreign assets,0,%,2026-07,fresh,1,3,high,"Caja Costarricense de Seguro Social (CCSS), Costa Rica",https://www.ccss.sa.cr/aseguramiento,official
Costa Rica,costa-rica,procTime,Visa processing time,Visa & Residency,8–14 months (backlog),,,2026-07,fresh,1,6,solid,"Dirección General de Migración y Extranjería, Costa Rica",https://migracion.go.cr/,official
Costa Rica,costa-rica,heirship,Forced-heirship rules,Finance & Property,Mostly free; support duties,,,2026-07,fresh,1,24,solid,National civil and property code,,secondary
Costa Rica,costa-rica,insReq,Health insurance required,Logistics,Yes — CCSS enrolment,,,2026-07,fresh,1,3,solid,"Dirección General de Migración y Extranjería, Costa Rica",https://migracion.go.cr/,official
Costa Rica,costa-rica,renew,Visa renewal ease,Logistics,2-yr renewals until PR,,,2026-07,fresh,1,3,solid,"Dirección General de Migración y Extranjería, Costa Rica",https://migracion.go.cr/,official
Costa Rica,costa-rica,deps,Provision for dependents,Logistics,Yes — spouse & kids included,,,2026-07,fresh,1,3,solid,"Dirección General de Migración y Extranjería, Costa Rica",https://migracion.go.cr/,official
Greece,greece,costUsd,Cost of living,Living,2200,2200,USD/mo,2026-07,fresh,1,6,high,Thon,https://thonretire.com/method,thon
Greece,greece,fly,Flight time from Australia,Logistics,25,25,hours,2026-07,fresh,1,24,high,Thon,https://thonretire.com/method,thon
Greece,greece,health,Healthcare quality,Living,7.9,7.9,/10,2026-07,fresh,1,6,high,Thon,https://thonretire.com/method,thon
Greece,greece,safety,Safety,Living,7.8,7.8,/10,2026-07,fresh,1,6,high,Thon,https://thonretire.com/method,thon
Greece,greece,score,Thon best-fit score,Thon composite,81,81,/100,2026-07,fresh,1,6,high,Thon,https://thonretire.com/method,thon
Greece,greece,tax,Tax on foreign pension,Tax,7%,7,%,2026-07,fresh,1,3,high,"Independent Authority for Public Revenue (AADE), Greece",https://www.aade.gr/en/greeks-abroad-non-residents/income-taxation/tax-incentives-order-attract-new-tax-residents,official
Greece,greece,inc,Min income / assets,Visa & Residency,"€3,500/mo or €126k",3500,EUR/mo,2026-07,fresh,1,3,high,"Ministry of Migration and Asylum, Greece",https://migration.gov.gr/en/gas/aitoyntes-kai-dikaioychoi/adeies-diamonis/,official
Greece,greece,visa,Retirement visa,Visa & Residency,FIP Visa,,,2026-07,fresh,1,3,solid,"Ministry of Migration and Asylum, Greece",https://migration.gov.gr/en/gas/aitoyntes-kai-dikaioychoi/adeies-diamonis/,official
Greece,greece,pr,Path to permanent residency,Visa & Residency,5 yrs,,,2026-07,fresh,1,3,solid,"Ministry of Migration and Asylum, Greece",https://migration.gov.gr/en/gas/aitoyntes-kai-dikaioychoi/adeies-diamonis/,official
Greece,greece,inherit,Inheritance / estate tax,Tax,1–10% (low for close kin),,,2026-07,fresh,1,24,solid,"Independent Authority for Public Revenue (AADE), Greece",https://www.aade.gr/en/greeks-abroad-non-residents/income-taxation/tax-incentives-order-attract-new-tax-residents,official
Greece,greece,prop,Foreign property ownership,Finance & Property,Yes,,,2026-07,fresh,1,24,solid,National civil and property code,,secondary
Greece,greece,minAge,Minimum age,Visa & Residency,None (18+),18,years,2026-07,fresh,1,3,high,"Ministry of Migration and Asylum, Greece",https://migration.gov.gr/en/gas/aitoyntes-kai-dikaioychoi/adeies-diamonis/,official
Greece,greece,taxResDays,Tax-residency threshold,Tax,183 days or vital interests,183,days,2026-07,fresh,1,6,high,"Independent Authority for Public Revenue (AADE), Greece",https://www.aade.gr/en/greeks-abroad-non-residents/income-taxation/tax-incentives-order-attract-new-tax-residents,official
Greece,greece,citPath,Path to citizenship,Visa & Residency,7 yrs + Greek language exam,7,years,2026-07,fresh,1,3,high,"Ministry of Migration and Asylum, Greece",https://migration.gov.gr/en/gas/aitoyntes-kai-dikaioychoi/adeies-diamonis/,official
Greece,greece,deposit,Deposit / bond required,Finance & Property,"€3,500/mo income or €126k deposit",3500,EUR/mo,2026-07,fresh,1,3,high,"Ministry of Migration and Asylum, Greece",https://migration.gov.gr/en/gas/aitoyntes-kai-dikaioychoi/adeies-diamonis/,official
Greece,greece,setupCost,Cost to establish residency,Finance & Property,~€2–4k (€1k permit + legal),2000,EUR,2026-07,fresh,1,3,high,"Ministry of Migration and Asylum, Greece",https://migration.gov.gr/en/gas/aitoyntes-kai-dikaioychoi/adeies-diamonis/,official
Greece,greece,propTax,Annual property tax,Tax,ENFIA — few hundred €/yr,,,2026-07,fresh,1,3,solid,"Independent Authority for Public Revenue (AADE), Greece",https://www.aade.gr/en/greeks-abroad-non-residents/income-taxation/tax-incentives-order-attract-new-tax-residents,official
Greece,greece,cgt,Capital gains tax,Tax,7% under regime; else 15%,7,%,2026-07,fresh,1,3,high,"Independent Authority for Public Revenue (AADE), Greece",https://www.aade.gr/en/greeks-abroad-non-residents/income-taxation/tax-incentives-order-attract-new-tax-residents,official
Greece,greece,procTime,Visa processing time,Visa & Residency,~10d visa; permit 2–4 mo,,,2026-07,fresh,1,6,solid,"Ministry of Migration and Asylum, Greece",https://migration.gov.gr/en/gas/aitoyntes-kai-dikaioychoi/adeies-diamonis/,official
Greece,greece,heirship,Forced-heirship rules,Finance & Property,Forced heirship; will can elect AU law,,,2026-07,fresh,1,24,solid,National civil and property code,,secondary
Greece,greece,insReq,Health insurance required,Logistics,Yes,,,2026-07,fresh,1,3,solid,"Ministry of Migration and Asylum, Greece",https://migration.gov.gr/en/gas/aitoyntes-kai-dikaioychoi/adeies-diamonis/,official
Greece,greece,renew,Visa renewal ease,Logistics,3-yr permit; needs 183 d/yr stay,,,2026-07,fresh,1,3,solid,"Ministry of Migration and Asylum, Greece",https://migration.gov.gr/en/gas/aitoyntes-kai-dikaioychoi/adeies-diamonis/,official
Greece,greece,deps,Provision for dependents,Logistics,Yes — +20% spouse income,,,2026-07,fresh,1,3,solid,"Ministry of Migration and Asylum, Greece",https://migration.gov.gr/en/gas/aitoyntes-kai-dikaioychoi/adeies-diamonis/,official
Mexico,mexico,costUsd,Cost of living,Living,1700,1700,USD/mo,2026-07,fresh,1,6,high,Thon,https://thonretire.com/method,thon
Mexico,mexico,fly,Flight time from Australia,Logistics,18,18,hours,2026-07,fresh,1,24,high,Thon,https://thonretire.com/method,thon
Mexico,mexico,health,Healthcare quality,Living,7.5,7.5,/10,2026-07,fresh,1,6,high,Thon,https://thonretire.com/method,thon
Mexico,mexico,safety,Safety,Living,6,6,/10,2026-07,fresh,1,6,high,Thon,https://thonretire.com/method,thon
Mexico,mexico,score,Thon best-fit score,Thon composite,76,76,/100,2026-07,fresh,1,6,high,Thon,https://thonretire.com/method,thon
Mexico,mexico,tax,Tax on foreign pension,Tax,1.92–35%,1.92,%,2026-07,fresh,1,3,high,"Servicio de Administración Tributaria (SAT), Mexico",https://www.sat.gob.mx/portal/public/personas-fisicas/residentes-en-el-extranjero-sin-establecimiento,official
Mexico,mexico,inc,Min income / assets,Visa & Residency,"~$4,400/mo or ~$74k",4400,USD/mo,2026-07,fresh,1,3,high,"Secretaría de Relaciones Exteriores / INM, Mexico",https://www.gob.mx/tramites/ficha/visa-de-residencia-temporal/SRE260,official
Mexico,mexico,visa,Retirement visa,Visa & Residency,Temporary Resident,,,2026-07,fresh,1,3,solid,"Secretaría de Relaciones Exteriores / INM, Mexico",https://www.gob.mx/tramites/ficha/visa-de-residencia-temporal/SRE260,official
Mexico,mexico,pr,Path to permanent residency,Visa & Residency,4 yrs,,,2026-07,fresh,1,3,solid,"Secretaría de Relaciones Exteriores / INM, Mexico",https://www.gob.mx/tramites/ficha/visa-de-residencia-temporal/SRE260,official
Mexico,mexico,inherit,Inheritance / estate tax,Tax,No federal inheritance tax,,,2026-07,fresh,1,24,solid,"Servicio de Administración Tributaria (SAT), Mexico",https://www.sat.gob.mx/portal/public/personas-fisicas/residentes-en-el-extranjero-sin-establecimiento,official
Mexico,mexico,prop,Foreign property ownership,Finance & Property,Coast/border via trust,,,2026-07,fresh,1,24,solid,National civil and property code,,secondary
Mexico,mexico,minAge,Minimum age,Visa & Residency,None — income is the gate,18,years,2026-07,fresh,1,3,high,"Secretaría de Relaciones Exteriores / INM, Mexico",https://www.gob.mx/tramites/ficha/visa-de-residencia-temporal/SRE260,official
Mexico,mexico,taxResDays,Tax-residency threshold,Tax,183 days or centre of vital interests,183,days,2026-07,fresh,1,6,high,"Servicio de Administración Tributaria (SAT), Mexico",https://www.sat.gob.mx/portal/public/personas-fisicas/residentes-en-el-extranjero-sin-establecimiento,official
Mexico,mexico,citPath,Path to citizenship,Visa & Residency,5 yrs + Spanish/history exam — feasible,5,years,2026-07,fresh,1,3,high,"Secretaría de Relaciones Exteriores / INM, Mexico",https://www.gob.mx/tramites/ficha/visa-de-residencia-temporal/SRE260,official
Mexico,mexico,deposit,Deposit / bond required,Finance & Property,None — income/savings proof (12 mo held),,,2026-07,fresh,1,3,solid,"Secretaría de Relaciones Exteriores / INM, Mexico",https://www.gob.mx/tramites/ficha/visa-de-residencia-temporal/SRE260,official
Mexico,mexico,setupCost,Cost to establish residency,Finance & Property,"~$600–1,500 incl. facilitator",600,USD,2026-07,fresh,1,3,high,"Secretaría de Relaciones Exteriores / INM, Mexico",https://www.gob.mx/tramites/ficha/visa-de-residencia-temporal/SRE260,official
Mexico,mexico,propTax,Annual property tax,Tax,Predial ~0.1–0.3% — $300–800/yr,0.1,%,2026-07,fresh,1,3,high,"Servicio de Administración Tributaria (SAT), Mexico",https://www.sat.gob.mx/portal/public/personas-fisicas/residentes-en-el-extranjero-sin-establecimiento,official
Mexico,mexico,cgt,Capital gains tax,Tax,"Foreign gains as ordinary income, to 35%",35,%,2026-07,fresh,1,3,high,"Servicio de Administración Tributaria (SAT), Mexico",https://www.sat.gob.mx/portal/public/personas-fisicas/residentes-en-el-extranjero-sin-establecimiento,official
Mexico,mexico,procTime,Visa processing time,Visa & Residency,~1–3 mo (consulate + INM canje),,,2026-07,fresh,1,6,solid,"Secretaría de Relaciones Exteriores / INM, Mexico",https://www.gob.mx/tramites/ficha/visa-de-residencia-temporal/SRE260,official
Mexico,mexico,heirship,Forced-heirship rules,Finance & Property,None — free testation; inheritances exempt,,,2026-07,fresh,1,24,solid,National civil and property code,,secondary
Mexico,mexico,insReq,Health insurance required,Logistics,No — not required for visa,,,2026-07,fresh,1,3,solid,"Secretaría de Relaciones Exteriores / INM, Mexico",https://www.gob.mx/tramites/ficha/visa-de-residencia-temporal/SRE260,official
Mexico,mexico,renew,Visa renewal ease,Logistics,Yr-1 card then 3-yr; PR = no renewals,,,2026-07,fresh,1,3,solid,"Secretaría de Relaciones Exteriores / INM, Mexico",https://www.gob.mx/tramites/ficha/visa-de-residencia-temporal/SRE260,official
Mexico,mexico,deps,Provision for dependents,Logistics,Spouse via family unity; couple fee discount,,,2026-07,fresh,1,3,solid,"Secretaría de Relaciones Exteriores / INM, Mexico",https://www.gob.mx/tramites/ficha/visa-de-residencia-temporal/SRE260,official
Mauritius,mauritius,costUsd,Cost of living,Living,2000,2000,USD/mo,2026-07,fresh,1,6,high,Thon,https://thonretire.com/method,thon
Mauritius,mauritius,fly,Flight time from Australia,Logistics,12,12,hours,2026-07,fresh,1,24,high,Thon,https://thonretire.com/method,thon
Mauritius,mauritius,health,Healthcare quality,Living,7,7,/10,2026-07,fresh,1,6,high,Thon,https://thonretire.com/method,thon
Mauritius,mauritius,safety,Safety,Living,7.4,7.4,/10,2026-07,fresh,1,6,high,Thon,https://thonretire.com/method,thon
Mauritius,mauritius,score,Thon best-fit score,Thon composite,76,76,/100,2026-07,fresh,1,6,high,Thon,https://thonretire.com/method,thon
Mauritius,mauritius,tax,Tax on foreign pension,Tax,0–20%,0,%,2026-07,fresh,1,3,high,"Mauritius Revenue Authority (MRA), Mauritius",https://www.mra.mu/individuals/foreign-income,official
Mauritius,mauritius,inc,Min income / assets,Visa & Residency,"$2,000/mo transfer",2000,USD/mo,2026-07,fresh,1,3,high,"Economic Development Board (EDB), Mauritius",https://news.edbmauritius.org/2021-january-silver-economy/,official
Mauritius,mauritius,visa,Retirement visa,Visa & Residency,Retired Non-Citizen,,,2026-07,fresh,1,3,solid,"Economic Development Board (EDB), Mauritius",https://news.edbmauritius.org/2021-january-silver-economy/,official
Mauritius,mauritius,pr,Path to permanent residency,Visa & Residency,5 yrs + $200k,,,2026-07,fresh,1,3,solid,"Economic Development Board (EDB), Mauritius",https://news.edbmauritius.org/2021-january-silver-economy/,official
Mauritius,mauritius,inherit,Inheritance / estate tax,Tax,No inheritance tax,,,2026-07,fresh,1,24,solid,"Mauritius Revenue Authority (MRA), Mauritius",https://www.mra.mu/individuals/foreign-income,official
Mauritius,mauritius,prop,Foreign property ownership,Finance & Property,Approved schemes (min $375k),,,2026-07,fresh,1,24,solid,National civil and property code,,secondary
Mauritius,mauritius,minAge,Minimum age,Visa & Residency,50,,,2026-07,fresh,1,3,solid,"Economic Development Board (EDB), Mauritius",https://news.edbmauritius.org/2021-january-silver-economy/,official
Mauritius,mauritius,taxResDays,Tax-residency threshold,Tax,183 days (or 270 over 3 yrs),183,days,2026-07,fresh,1,6,high,"Mauritius Revenue Authority (MRA), Mauritius",https://www.mra.mu/individuals/foreign-income,official
Mauritius,mauritius,citPath,Path to citizenship,Visa & Residency,5–7 yrs — rarely granted in practice,7,years,2026-07,fresh,1,3,high,"Economic Development Board (EDB), Mauritius",https://news.edbmauritius.org/2021-january-silver-economy/,official
Mauritius,mauritius,deposit,Deposit / bond required,Finance & Property,No lump sum — transfer $2k/mo to local bank,2000,USD/mo,2026-07,fresh,1,3,high,"Economic Development Board (EDB), Mauritius",https://news.edbmauritius.org/2021-january-silver-economy/,official
Mauritius,mauritius,setupCost,Cost to establish residency,Finance & Property,~$2–3.5k incl. agent,2000,USD,2026-07,fresh,1,3,high,"Economic Development Board (EDB), Mauritius",https://news.edbmauritius.org/2021-january-silver-economy/,official
Mauritius,mauritius,propTax,Annual property tax,Tax,None annual,,,2026-07,fresh,1,3,solid,"Mauritius Revenue Authority (MRA), Mauritius",https://www.mra.mu/individuals/foreign-income,official
Mauritius,mauritius,cgt,Capital gains tax,Tax,None — no capital gains tax,,,2026-07,fresh,1,3,solid,"Mauritius Revenue Authority (MRA), Mauritius",https://www.mra.mu/individuals/foreign-income,official
Mauritius,mauritius,procTime,Visa processing time,Visa & Residency,~4–8 wks via EDB,,,2026-07,fresh,1,6,solid,"Economic Development Board (EDB), Mauritius",https://news.edbmauritius.org/2021-january-silver-economy/,official
Mauritius,mauritius,heirship,Forced-heirship rules,Finance & Property,FORCED heirship (French code) on MU assets,,,2026-07,fresh,1,24,solid,National civil and property code,,secondary
Mauritius,mauritius,insReq,Health insurance required,Logistics,No — medical certificate only,,,2026-07,fresh,1,3,solid,"Economic Development Board (EDB), Mauritius",https://news.edbmauritius.org/2021-january-silver-economy/,official
Mauritius,mauritius,renew,Visa renewal ease,Logistics,10-yr permit; annual proof of $24k transfers,,,2026-07,fresh,1,3,solid,"Economic Development Board (EDB), Mauritius",https://news.edbmauritius.org/2021-january-silver-economy/,official
Mauritius,mauritius,deps,Provision for dependents,Logistics,Spouse + dependent children included,,,2026-07,fresh,1,3,solid,"Economic Development Board (EDB), Mauritius",https://news.edbmauritius.org/2021-january-silver-economy/,official
Philippines,philippines,costUsd,Cost of living,Living,1500,1500,USD/mo,2026-07,fresh,1,6,high,Thon,https://thonretire.com/method,thon
Philippines,philippines,fly,Flight time from Australia,Logistics,8,8,hours,2026-07,fresh,1,24,high,Thon,https://thonretire.com/method,thon
Philippines,philippines,health,Healthcare quality,Living,6.8,6.8,/10,2026-07,fresh,1,6,high,Thon,https://thonretire.com/method,thon
Philippines,philippines,safety,Safety,Living,6,6,/10,2026-07,fresh,1,6,high,Thon,https://thonretire.com/method,thon
Philippines,philippines,score,Thon best-fit score,Thon composite,83,83,/100,2026-07,fresh,1,6,high,Thon,https://thonretire.com/method,thon
Philippines,philippines,tax,Tax on foreign pension,Tax,0%,0,%,2026-07,fresh,1,3,high,"Bureau of Internal Revenue (BIR), Philippines",https://www.bir.gov.ph/taxationofforeignsourceincome,official
Philippines,philippines,inc,Min income / assets,Visa & Residency,"$15k dep. (50+, pension)",15000,USD,2026-07,fresh,1,3,high,"Philippine Retirement Authority (PRA), Philippines",https://pra.gov.ph/srrv/,official
Philippines,philippines,visa,Retirement visa,Visa & Residency,SRRV Classic,,,2026-07,fresh,1,3,solid,"Philippine Retirement Authority (PRA), Philippines",https://pra.gov.ph/srrv/,official
Philippines,philippines,pr,Path to permanent residency,Visa & Residency,Permanent,,,2026-07,fresh,1,3,solid,"Philippine Retirement Authority (PRA), Philippines",https://pra.gov.ph/srrv/,official
Philippines,philippines,inherit,Inheritance / estate tax,Tax,Estate tax 6%,,,2026-07,fresh,1,24,solid,"Bureau of Internal Revenue (BIR), Philippines",https://www.bir.gov.ph/taxationofforeignsourceincome,official
Philippines,philippines,prop,Foreign property ownership,Finance & Property,Condo only (no land),,,2026-07,fresh,1,24,solid,National civil and property code,,secondary
Philippines,philippines,minAge,Minimum age,Visa & Residency,40 (since 2025; 50+ pays less),50,years,2026-07,fresh,1,3,high,"Philippine Retirement Authority (PRA), Philippines",https://pra.gov.ph/srrv/,official
Philippines,philippines,taxResDays,Tax-residency threshold,Tax,Irrelevant — source-based system,,,2026-07,fresh,1,6,solid,"Bureau of Internal Revenue (BIR), Philippines",https://www.bir.gov.ph/taxationofforeignsourceincome,official
Philippines,philippines,citPath,Path to citizenship,Visa & Residency,10 yrs; must renounce AU — impractical,10,years,2026-07,fresh,1,3,high,"Philippine Retirement Authority (PRA), Philippines",https://pra.gov.ph/srrv/,official
Philippines,philippines,deposit,Deposit / bond required,Finance & Property,"$15k (50+, pension ≥$800/mo) or $30k without",15000,USD,2026-07,fresh,1,3,high,"Philippine Retirement Authority (PRA), Philippines",https://pra.gov.ph/srrv/,official
Philippines,philippines,setupCost,Cost to establish residency,Finance & Property,~$2.5–4k + deposit,2500,USD,2026-07,fresh,1,3,high,"Philippine Retirement Authority (PRA), Philippines",https://pra.gov.ph/srrv/,official
Philippines,philippines,propTax,Annual property tax,Tax,RPT ≈0.2–0.5% of market value,0.2,%,2026-07,fresh,1,3,high,"Bureau of Internal Revenue (BIR), Philippines",https://www.bir.gov.ph/taxationofforeignsourceincome,official
Philippines,philippines,cgt,Capital gains tax,Tax,0% on foreign assets,0,%,2026-07,fresh,1,3,high,"Bureau of Internal Revenue (BIR), Philippines",https://www.bir.gov.ph/taxationofforeignsourceincome,official
Philippines,philippines,procTime,Visa processing time,Visa & Residency,~30–45 working days (PRA),,,2026-07,fresh,1,6,solid,"Philippine Retirement Authority (PRA), Philippines",https://pra.gov.ph/srrv/,official
Philippines,philippines,heirship,Forced-heirship rules,Finance & Property,AU law governs your succession; estate tax 6%,,,2026-07,fresh,1,24,solid,National civil and property code,,secondary
Philippines,philippines,insReq,Health insurance required,Logistics,Yes — health policy required for SRRV,,,2026-07,fresh,1,3,solid,"Philippine Retirement Authority (PRA), Philippines",https://pra.gov.ph/srrv/,official
Philippines,philippines,renew,Visa renewal ease,Logistics,None — annual $360 PRA fee; 2-yr ID cycle,,,2026-07,fresh,1,3,solid,"Philippine Retirement Authority (PRA), Philippines",https://pra.gov.ph/srrv/,official
Philippines,philippines,deps,Provision for dependents,Logistics,Spouse + 2 deps in annual fee; $300 each,,,2026-07,fresh,1,3,solid,"Philippine Retirement Authority (PRA), Philippines",https://pra.gov.ph/srrv/,official
Italy,italy,costUsd,Cost of living,Living,2400,2400,USD/mo,2026-07,fresh,1,6,high,Thon,https://thonretire.com/method,thon
Italy,italy,fly,Flight time from Australia,Logistics,24,24,hours,2026-07,fresh,1,24,high,Thon,https://thonretire.com/method,thon
Italy,italy,health,Healthcare quality,Living,8.6,8.6,/10,2026-07,fresh,1,6,high,Thon,https://thonretire.com/method,thon
Italy,italy,safety,Safety,Living,7.9,7.9,/10,2026-07,fresh,1,6,high,Thon,https://thonretire.com/method,thon
Italy,italy,score,Thon best-fit score,Thon composite,80,80,/100,2026-07,fresh,1,6,high,Thon,https://thonretire.com/method,thon
Italy,italy,tax,Tax on foreign pension,Tax,7%,7,%,2026-07,fresh,1,3,high,"Agenzia delle Entrate, Italy",https://www.agenziaentrate.gov.it/portale/schede/agevolazioni/regime-opzionale-per-i-pensionati-esteri-che-cose-cittadini,official
Italy,italy,inc,Min income / assets,Visa & Residency,~€31k/yr passive,31000,EUR/yr,2026-07,fresh,1,3,high,"Ministero degli Affari Esteri e della Cooperazione Internazionale, Italy",https://www.esteri.it/mae/normative/dmae12.7.00.pdf,official
Italy,italy,visa,Retirement visa,Visa & Residency,Elective Residence,,,2026-07,fresh,1,3,solid,"Ministero degli Affari Esteri e della Cooperazione Internazionale, Italy",https://www.esteri.it/mae/normative/dmae12.7.00.pdf,official
Italy,italy,pr,Path to permanent residency,Visa & Residency,5 yrs,,,2026-07,fresh,1,3,solid,"Ministero degli Affari Esteri e della Cooperazione Internazionale, Italy",https://www.esteri.it/mae/normative/dmae12.7.00.pdf,official
Italy,italy,inherit,Inheritance / estate tax,Tax,4–8% + forced heirship,,,2026-07,fresh,1,24,solid,"Agenzia delle Entrate, Italy",https://www.agenziaentrate.gov.it/portale/schede/agevolazioni/regime-opzionale-per-i-pensionati-esteri-che-cose-cittadini,official
Italy,italy,prop,Foreign property ownership,Finance & Property,Yes,,,2026-07,fresh,1,24,solid,National civil and property code,,secondary
Italy,italy,minAge,Minimum age,Visa & Residency,None — passive income is the gate,18,years,2026-07,fresh,1,3,high,"Ministero degli Affari Esteri e della Cooperazione Internazionale, Italy",https://www.esteri.it/mae/normative/dmae12.7.00.pdf,official
Italy,italy,taxResDays,Tax-residency threshold,Tax,183 days or registered residence,183,days,2026-07,fresh,1,6,high,"Agenzia delle Entrate, Italy",https://www.agenziaentrate.gov.it/portale/schede/agevolazioni/regime-opzionale-per-i-pensionati-esteri-che-cose-cittadini,official
Italy,italy,citPath,Path to citizenship,Visa & Residency,10 yrs + B1 Italian — slow but real,10,years,2026-07,fresh,1,3,high,"Ministero degli Affari Esteri e della Cooperazione Internazionale, Italy",https://www.esteri.it/mae/normative/dmae12.7.00.pdf,official
Italy,italy,deposit,Deposit / bond required,Finance & Property,None — income/savings proof only,,,2026-07,fresh,1,3,solid,"Ministero degli Affari Esteri e della Cooperazione Internazionale, Italy",https://www.esteri.it/mae/normative/dmae12.7.00.pdf,official
Italy,italy,setupCost,Cost to establish residency,Finance & Property,~$2.5–6k incl. lawyer,2500,USD,2026-07,fresh,1,3,high,"Ministero degli Affari Esteri e della Cooperazione Internazionale, Italy",https://www.esteri.it/mae/normative/dmae12.7.00.pdf,official
Italy,italy,propTax,Annual property tax,Tax,IMU ~0.46–1.06% (primary non-luxury home exempt),0.46,%,2026-07,fresh,1,3,high,"Agenzia delle Entrate, Italy",https://www.agenziaentrate.gov.it/portale/schede/agevolazioni/regime-opzionale-per-i-pensionati-esteri-che-cose-cittadini,official
Italy,italy,cgt,Capital gains tax,Tax,26% standard; 7% under flat regime,26,%,2026-07,fresh,1,3,high,"Agenzia delle Entrate, Italy",https://www.agenziaentrate.gov.it/portale/schede/agevolazioni/regime-opzionale-per-i-pensionati-esteri-che-cose-cittadini,official
Italy,italy,procTime,Visa processing time,Visa & Residency,2–4 mo — discretionary consulate,,,2026-07,fresh,1,6,solid,"Ministero degli Affari Esteri e della Cooperazione Internazionale, Italy",https://www.esteri.it/mae/normative/dmae12.7.00.pdf,official
Italy,italy,heirship,Forced-heirship rules,Finance & Property,Forced heirship — but AU law electable by will (Brussels IV),,,2026-07,fresh,1,24,solid,National civil and property code,,secondary
Italy,italy,insReq,Health insurance required,Logistics,Yes — private cover ≥€30k/yr for visa,,,2026-07,fresh,1,3,solid,"Ministero degli Affari Esteri e della Cooperazione Internazionale, Italy",https://www.esteri.it/mae/normative/dmae12.7.00.pdf,official
Italy,italy,renew,Visa renewal ease,Logistics,Annual permesso early yrs — questura queues,,,2026-07,fresh,1,3,solid,"Ministero degli Affari Esteri e della Cooperazione Internazionale, Italy",https://www.esteri.it/mae/normative/dmae12.7.00.pdf,official
Italy,italy,deps,Provision for dependents,Logistics,Spouse OK — couple bar ~€38k/yr,,,2026-07,fresh,1,3,solid,"Ministero degli Affari Esteri e della Cooperazione Internazionale, Italy",https://www.esteri.it/mae/normative/dmae12.7.00.pdf,official
Spain,spain,costUsd,Cost of living,Living,2500,2500,USD/mo,2026-07,fresh,1,6,high,Thon,https://thonretire.com/method,thon
Spain,spain,fly,Flight time from Australia,Logistics,24,24,hours,2026-07,fresh,1,24,high,Thon,https://thonretire.com/method,thon
Spain,spain,health,Healthcare quality,Living,9,9,/10,2026-07,fresh,1,6,high,Thon,https://thonretire.com/method,thon
Spain,spain,safety,Safety,Living,8.2,8.2,/10,2026-07,fresh,1,6,high,Thon,https://thonretire.com/method,thon
Spain,spain,score,Thon best-fit score,Thon composite,75,75,/100,2026-07,fresh,1,6,high,Thon,https://thonretire.com/method,thon
Spain,spain,tax,Tax on foreign pension,Tax,19–47%,19,%,2026-07,fresh,1,3,high,"Agencia Tributaria (AEAT), Spain",https://sede.agenciatributaria.gob.es/Sede/ciudadanos-familias-personas-discapacidad/residentes-rentas-procedentes-extranjero.html,official
Spain,spain,inc,Min income / assets,Visa & Residency,"€2,400/mo (IPREM ×4)",2400,EUR/mo,2026-07,fresh,1,3,high,"Ministerio de Inclusión, Seguridad Social y Migraciones, Spain",https://www.inclusion.gob.es/en/web/migraciones/w/autorizacion-inicial-de-residencia-temporal-no-lucrativa,official
Spain,spain,visa,Retirement visa,Visa & Residency,Non-Lucrative,,,2026-07,fresh,1,3,solid,"Ministerio de Inclusión, Seguridad Social y Migraciones, Spain",https://www.inclusion.gob.es/en/web/migraciones/w/autorizacion-inicial-de-residencia-temporal-no-lucrativa,official
Spain,spain,pr,Path to permanent residency,Visa & Residency,5 yrs,,,2026-07,fresh,1,3,solid,"Ministerio de Inclusión, Seguridad Social y Migraciones, Spain",https://www.inclusion.gob.es/en/web/migraciones/w/autorizacion-inicial-de-residencia-temporal-no-lucrativa,official
Spain,spain,inherit,Inheritance / estate tax,Tax,Regional + forced heirship,,,2026-07,fresh,1,24,solid,"Agencia Tributaria (AEAT), Spain",https://sede.agenciatributaria.gob.es/Sede/ciudadanos-familias-personas-discapacidad/residentes-rentas-procedentes-extranjero.html,official
Spain,spain,prop,Foreign property ownership,Finance & Property,Yes,,,2026-07,fresh,1,24,solid,National civil and property code,,secondary
Spain,spain,minAge,Minimum age,Visa & Residency,None,18,years,2026-07,fresh,1,3,high,"Ministerio de Inclusión, Seguridad Social y Migraciones, Spain",https://www.inclusion.gob.es/en/web/migraciones/w/autorizacion-inicial-de-residencia-temporal-no-lucrativa,official
Spain,spain,taxResDays,Tax-residency threshold,Tax,183 days (or spouse/economic centre),183,days,2026-07,fresh,1,6,high,"Agencia Tributaria (AEAT), Spain",https://sede.agenciatributaria.gob.es/Sede/ciudadanos-familias-personas-discapacidad/residentes-rentas-procedentes-extranjero.html,official
Spain,spain,citPath,Path to citizenship,Visa & Residency,10 yrs + tests; must renounce AU citizenship,10,years,2026-07,fresh,1,3,high,"Ministerio de Inclusión, Seguridad Social y Migraciones, Spain",https://www.inclusion.gob.es/en/web/migraciones/w/autorizacion-inicial-de-residencia-temporal-no-lucrativa,official
Spain,spain,deposit,Deposit / bond required,Finance & Property,"None — €28,800 in bank acceptable",28800,EUR,2026-07,fresh,1,3,high,"Ministerio de Inclusión, Seguridad Social y Migraciones, Spain",https://www.inclusion.gob.es/en/web/migraciones/w/autorizacion-inicial-de-residencia-temporal-no-lucrativa,official
Spain,spain,setupCost,Cost to establish residency,Finance & Property,~$1.5–4k incl. lawyer,1500,USD,2026-07,fresh,1,3,high,"Ministerio de Inclusión, Seguridad Social y Migraciones, Spain",https://www.inclusion.gob.es/en/web/migraciones/w/autorizacion-inicial-de-residencia-temporal-no-lucrativa,official
Spain,spain,propTax,Annual property tax,Tax,IBI ~0.4–1.1% of low cadastral value,0.4,%,2026-07,fresh,1,3,high,"Agencia Tributaria (AEAT), Spain",https://sede.agenciatributaria.gob.es/Sede/ciudadanos-familias-personas-discapacidad/residentes-rentas-procedentes-extranjero.html,official
Spain,spain,cgt,Capital gains tax,Tax,19–30% on foreign gains (30% above €300k),19,%,2026-07,fresh,1,3,high,"Agencia Tributaria (AEAT), Spain",https://sede.agenciatributaria.gob.es/Sede/ciudadanos-familias-personas-discapacidad/residentes-rentas-procedentes-extranjero.html,official
Spain,spain,procTime,Visa processing time,Visa & Residency,1–3 mo at consulate,,,2026-07,fresh,1,6,solid,"Ministerio de Inclusión, Seguridad Social y Migraciones, Spain",https://www.inclusion.gob.es/en/web/migraciones/w/autorizacion-inicial-de-residencia-temporal-no-lucrativa,official
Spain,spain,heirship,Forced-heirship rules,Finance & Property,Forced heirship — but AU law electable by will (Brussels IV),,,2026-07,fresh,1,24,solid,National civil and property code,,secondary
Spain,spain,insReq,Health insurance required,Logistics,"Yes — full private policy, no copays",,,2026-07,fresh,1,3,solid,"Ministerio de Inclusión, Seguridad Social y Migraciones, Spain",https://www.inclusion.gob.es/en/web/migraciones/w/autorizacion-inicial-de-residencia-temporal-no-lucrativa,official
Spain,spain,renew,Visa renewal ease,Logistics,1+2+2 yrs; renewal proves >183 days → tax resident,,,2026-07,fresh,1,3,solid,"Ministerio de Inclusión, Seguridad Social y Migraciones, Spain",https://www.inclusion.gob.es/en/web/migraciones/w/autorizacion-inicial-de-residencia-temporal-no-lucrativa,official
Spain,spain,deps,Provision for dependents,Logistics,"Yes — +€7,200/yr per dependent",,,2026-07,fresh,1,3,solid,"Ministerio de Inclusión, Seguridad Social y Migraciones, Spain",https://www.inclusion.gob.es/en/web/migraciones/w/autorizacion-inicial-de-residencia-temporal-no-lucrativa,official
Uruguay,uruguay,costUsd,Cost of living,Living,2300,2300,USD/mo,2026-07,fresh,1,6,high,Thon,https://thonretire.com/method,thon
Uruguay,uruguay,fly,Flight time from Australia,Logistics,38,38,hours,2026-07,fresh,1,24,high,Thon,https://thonretire.com/method,thon
Uruguay,uruguay,health,Healthcare quality,Living,8,8,/10,2026-07,fresh,1,6,high,Thon,https://thonretire.com/method,thon
Uruguay,uruguay,safety,Safety,Living,7.6,7.6,/10,2026-07,fresh,1,6,high,Thon,https://thonretire.com/method,thon
Uruguay,uruguay,score,Thon best-fit score,Thon composite,84,84,/100,2026-07,fresh,1,6,high,Thon,https://thonretire.com/method,thon
Uruguay,uruguay,tax,Tax on foreign pension,Tax,0%,0,%,2026-07,fresh,1,3,high,"Dirección General Impositiva (DGI), Uruguay",https://www.gub.uy/direccion-general-impositiva/comunicacion/publicaciones/tax-holidays-opcion-para-nuevos-residentes-fiscales-uruguay,official
Uruguay,uruguay,inc,Min income / assets,Visa & Residency,"~$1,500/mo",1500,USD/mo,2026-07,fresh,1,3,high,"Dirección Nacional de Migración (gub.uy), Uruguay",https://www.gub.uy/tramites/residencia-legal-permanente,official
Uruguay,uruguay,visa,Retirement visa,Visa & Residency,Rentista / Pensionado,,,2026-07,fresh,1,3,solid,"Dirección Nacional de Migración (gub.uy), Uruguay",https://www.gub.uy/tramites/residencia-legal-permanente,official
Uruguay,uruguay,pr,Path to permanent residency,Visa & Residency,Direct — <1 yr,,,2026-07,fresh,1,3,solid,"Dirección Nacional de Migración (gub.uy), Uruguay",https://www.gub.uy/tramites/residencia-legal-permanente,official
Uruguay,uruguay,inherit,Inheritance / estate tax,Tax,No IHT (3–4% ITP on real estate),,,2026-07,fresh,1,24,solid,"Dirección General Impositiva (DGI), Uruguay",https://www.gub.uy/direccion-general-impositiva/comunicacion/publicaciones/tax-holidays-opcion-para-nuevos-residentes-fiscales-uruguay,official
Uruguay,uruguay,prop,Foreign property ownership,Finance & Property,Yes — freehold,,,2026-07,fresh,1,24,solid,National civil and property code,,secondary
Uruguay,uruguay,minAge,Minimum age,Visa & Residency,None,18,years,2026-07,fresh,1,3,high,"Dirección Nacional de Migración (gub.uy), Uruguay",https://www.gub.uy/tramites/residencia-legal-permanente,official
Uruguay,uruguay,taxResDays,Tax-residency threshold,Tax,183 days or vital interests,183,days,2026-07,fresh,1,6,high,"Dirección General Impositiva (DGI), Uruguay",https://www.gub.uy/direccion-general-impositiva/comunicacion/publicaciones/tax-holidays-opcion-para-nuevos-residentes-fiscales-uruguay,official
Uruguay,uruguay,citPath,Path to citizenship,Visa & Residency,"3 yrs (family) / 5 yrs — very feasible, dual OK",3,years,2026-07,fresh,1,3,high,"Dirección Nacional de Migración (gub.uy), Uruguay",https://www.gub.uy/tramites/residencia-legal-permanente,official
Uruguay,uruguay,deposit,Deposit / bond required,Finance & Property,None — certified income via escribano,,,2026-07,fresh,1,3,solid,"Dirección Nacional de Migración (gub.uy), Uruguay",https://www.gub.uy/tramites/residencia-legal-permanente,official
Uruguay,uruguay,setupCost,Cost to establish residency,Finance & Property,~$2–4.5k incl. escribano,2000,USD,2026-07,fresh,1,3,high,"Dirección Nacional de Migración (gub.uy), Uruguay",https://www.gub.uy/tramites/residencia-legal-permanente,official
Uruguay,uruguay,propTax,Annual property tax,Tax,~0.25–1.2% of low cadastral value + school tax,0.25,%,2026-07,fresh,1,3,high,"Dirección General Impositiva (DGI), Uruguay",https://www.gub.uy/direccion-general-impositiva/comunicacion/publicaciones/tax-holidays-opcion-para-nuevos-residentes-fiscales-uruguay,official
Uruguay,uruguay,cgt,Capital gains tax,Tax,0% under holiday; 12% after (2026 law),0,%,2026-07,fresh,1,3,high,"Dirección General Impositiva (DGI), Uruguay",https://www.gub.uy/direccion-general-impositiva/comunicacion/publicaciones/tax-holidays-opcion-para-nuevos-residentes-fiscales-uruguay,official
Uruguay,uruguay,procTime,Visa processing time,Visa & Residency,Legal stay from filing; grant ~4–12 mo,,,2026-07,fresh,1,6,solid,"Dirección Nacional de Migración (gub.uy), Uruguay",https://www.gub.uy/tramites/residencia-legal-permanente,official
Uruguay,uruguay,heirship,Forced-heirship rules,Finance & Property,Forced heirship on UY-sited assets (no opt-out),,,2026-07,fresh,1,24,solid,National civil and property code,,secondary
Uruguay,uruguay,insReq,Health insurance required,Logistics,No — join mutualista/ASSE after arrival,,,2026-07,fresh,1,3,solid,"Dirección Nacional de Migración (gub.uy), Uruguay",https://www.gub.uy/tramites/residencia-legal-permanente,official
Uruguay,uruguay,renew,Visa renewal ease,Logistics,None — PR has no renewal; keep cédula current,,,2026-07,fresh,1,3,solid,"Dirección Nacional de Migración (gub.uy), Uruguay",https://www.gub.uy/tramites/residencia-legal-permanente,official
Uruguay,uruguay,deps,Provision for dependents,Logistics,Yes — income expectation scales with family,,,2026-07,fresh,1,3,solid,"Dirección Nacional de Migración (gub.uy), Uruguay",https://www.gub.uy/tramites/residencia-legal-permanente,official
UAE (Dubai),dubai,costUsd,Cost of living,Living,3500,3500,USD/mo,2026-07,fresh,1,6,high,Thon,https://thonretire.com/method,thon
UAE (Dubai),dubai,fly,Flight time from Australia,Logistics,14,14,hours,2026-07,fresh,1,24,high,Thon,https://thonretire.com/method,thon
UAE (Dubai),dubai,health,Healthcare quality,Living,8.5,8.5,/10,2026-07,fresh,1,6,high,Thon,https://thonretire.com/method,thon
UAE (Dubai),dubai,safety,Safety,Living,8.8,8.8,/10,2026-07,fresh,1,6,high,Thon,https://thonretire.com/method,thon
UAE (Dubai),dubai,score,Thon best-fit score,Thon composite,70,70,/100,2026-07,fresh,1,6,high,Thon,https://thonretire.com/method,thon
UAE (Dubai),dubai,tax,Tax on foreign pension,Tax,0%,0,%,2026-07,fresh,1,3,high,"Federal Tax Authority (FTA), United Arab Emirates",https://tax.gov.ae/en/taxes/corporate.tax/corporate.tax.topics/basis.of.taxation.natural.person.aspx,official
UAE (Dubai),dubai,inc,Min income / assets,Visa & Residency,AED 1M FD or 15k/mo,1000000,AED,2026-07,fresh,1,3,high,The United Arab Emirates' Government portal (u.ae),https://u.ae/en/information-and-services/visa-and-emirates-id/residence-visas/residence-visa-for-the-retired,official
UAE (Dubai),dubai,visa,Retirement visa,Visa & Residency,Retirement Visa (55+),,,2026-07,fresh,1,3,solid,The United Arab Emirates' Government portal (u.ae),https://u.ae/en/information-and-services/visa-and-emirates-id/residence-visas/residence-visa-for-the-retired,official
UAE (Dubai),dubai,pr,Path to permanent residency,Visa & Residency,Golden Visa,,,2026-07,fresh,1,3,solid,The United Arab Emirates' Government portal (u.ae),https://u.ae/en/information-and-services/visa-and-emirates-id/residence-visas/residence-visa-for-the-retired,official
UAE (Dubai),dubai,inherit,Inheritance / estate tax,Tax,None (register a DIFC will!),,,2026-07,fresh,1,24,solid,"Federal Tax Authority (FTA), United Arab Emirates",https://tax.gov.ae/en/taxes/corporate.tax/corporate.tax.topics/basis.of.taxation.natural.person.aspx,official
UAE (Dubai),dubai,prop,Foreign property ownership,Finance & Property,Freehold zones only,,,2026-07,fresh,1,24,solid,National civil and property code,,secondary
UAE (Dubai),dubai,minAge,Minimum age,Visa & Residency,55 (+ 15 yrs work history),,,2026-07,fresh,1,3,solid,The United Arab Emirates' Government portal (u.ae),https://u.ae/en/information-and-services/visa-and-emirates-id/residence-visas/residence-visa-for-the-retired,official
UAE (Dubai),dubai,taxResDays,Tax-residency threshold,Tax,183 days (or 90 + ties) for tax certificate,183,days,2026-07,fresh,1,6,high,"Federal Tax Authority (FTA), United Arab Emirates",https://tax.gov.ae/en/taxes/corporate.tax/corporate.tax.topics/basis.of.taxation.natural.person.aspx,official
UAE (Dubai),dubai,citPath,Path to citizenship,Visa & Residency,None realistically — 30 yrs + invitation,,years,2026-07,fresh,1,3,high,The United Arab Emirates' Government portal (u.ae),https://u.ae/en/information-and-services/visa-and-emirates-id/residence-visas/residence-visa-for-the-retired,official
UAE (Dubai),dubai,deposit,Deposit / bond required,Finance & Property,AED 1M in 3-yr fixed deposit (one route),1000000,AED,2026-07,fresh,1,3,high,The United Arab Emirates' Government portal (u.ae),https://u.ae/en/information-and-services/visa-and-emirates-id/residence-visas/residence-visa-for-the-retired,official
UAE (Dubai),dubai,setupCost,Cost to establish residency,Finance & Property,~$2.5–4k incl. fees + insurance,2500,USD,2026-07,fresh,1,3,high,The United Arab Emirates' Government portal (u.ae),https://u.ae/en/information-and-services/visa-and-emirates-id/residence-visas/residence-visa-for-the-retired,official
UAE (Dubai),dubai,propTax,Annual property tax,Tax,None annual; 4% transfer fee; 5% housing fee on rent,4,%,2026-07,fresh,1,3,high,"Federal Tax Authority (FTA), United Arab Emirates",https://tax.gov.ae/en/taxes/corporate.tax/corporate.tax.topics/basis.of.taxation.natural.person.aspx,official
UAE (Dubai),dubai,cgt,Capital gains tax,Tax,0% — no capital gains tax,0,%,2026-07,fresh,1,3,high,"Federal Tax Authority (FTA), United Arab Emirates",https://tax.gov.ae/en/taxes/corporate.tax/corporate.tax.topics/basis.of.taxation.natural.person.aspx,official
UAE (Dubai),dubai,procTime,Visa processing time,Visa & Residency,~2–4 wks (Dubai GDRFA),,,2026-07,fresh,1,6,solid,The United Arab Emirates' Government portal (u.ae),https://u.ae/en/information-and-services/visa-and-emirates-id/residence-visas/residence-visa-for-the-retired,official
UAE (Dubai),dubai,heirship,Forced-heirship rules,Finance & Property,Sharia default — register DIFC will (~AED 10k),,,2026-07,fresh,1,24,solid,National civil and property code,,secondary
UAE (Dubai),dubai,insReq,Health insurance required,Logistics,Yes — mandatory for issue & renewal,,,2026-07,fresh,1,3,solid,The United Arab Emirates' Government portal (u.ae),https://u.ae/en/information-and-services/visa-and-emirates-id/residence-visas/residence-visa-for-the-retired,official
UAE (Dubai),dubai,renew,Visa renewal ease,Logistics,5-yr; lapses if >6 mo abroad (Golden exempt),,,2026-07,fresh,1,3,solid,The United Arab Emirates' Government portal (u.ae),https://u.ae/en/information-and-services/visa-and-emirates-id/residence-visas/residence-visa-for-the-retired,official
UAE (Dubai),dubai,deps,Provision for dependents,Logistics,Spouse + children sponsorable,,,2026-07,fresh,1,3,solid,The United Arab Emirates' Government portal (u.ae),https://u.ae/en/information-and-services/visa-and-emirates-id/residence-visas/residence-visa-for-the-retired,official
Indonesia (Bali),bali,costUsd,Cost of living,Living,1700,1700,USD/mo,2026-07,fresh,1,6,high,Thon,https://thonretire.com/method,thon
Indonesia (Bali),bali,fly,Flight time from Australia,Logistics,6,6,hours,2026-07,fresh,1,24,high,Thon,https://thonretire.com/method,thon
Indonesia (Bali),bali,health,Healthcare quality,Living,6.5,6.5,/10,2026-07,fresh,1,6,high,Thon,https://thonretire.com/method,thon
Indonesia (Bali),bali,safety,Safety,Living,6.5,6.5,/10,2026-07,fresh,1,6,high,Thon,https://thonretire.com/method,thon
Indonesia (Bali),bali,score,Thon best-fit score,Thon composite,76,76,/100,2026-07,fresh,1,6,high,Thon,https://thonretire.com/method,thon
Indonesia (Bali),bali,tax,Tax on foreign pension,Tax,5–35%,5,%,2026-07,fresh,1,3,high,"Direktorat Jenderal Pajak (DJP), Indonesia",https://pajak.go.id/en/node/118835,official
Indonesia (Bali),bali,inc,Min income / assets,Visa & Residency,$3k/mo pension (60+),3000,USD/mo,2026-07,fresh,1,3,high,"Direktorat Jenderal Imigrasi, Indonesia",https://www.imigrasi.go.id/wna/daftar-visa-indonesia/E33F,official
Indonesia (Bali),bali,visa,Retirement visa,Visa & Residency,E33F Retirement KITAS,,,2026-07,fresh,1,3,solid,"Direktorat Jenderal Imigrasi, Indonesia",https://www.imigrasi.go.id/wna/daftar-visa-indonesia/E33F,official
Indonesia (Bali),bali,pr,Path to permanent residency,Visa & Residency,KITAP 3–4 yrs,,,2026-07,fresh,1,3,solid,"Direktorat Jenderal Imigrasi, Indonesia",https://www.imigrasi.go.id/wna/daftar-visa-indonesia/E33F,official
Indonesia (Bali),bali,inherit,Inheritance / estate tax,Tax,No inheritance tax,,,2026-07,fresh,1,24,solid,"Direktorat Jenderal Pajak (DJP), Indonesia",https://pajak.go.id/en/node/118835,official
Indonesia (Bali),bali,prop,Foreign property ownership,Finance & Property,No freehold (leasehold),,,2026-07,fresh,1,24,solid,National civil and property code,,secondary
Indonesia (Bali),bali,minAge,Minimum age,Visa & Residency,60 for E33F (2026; was 55 — verify),,,2026-07,fresh,1,3,solid,"Direktorat Jenderal Imigrasi, Indonesia",https://www.imigrasi.go.id/wna/daftar-visa-indonesia/E33F,official
Indonesia (Bali),bali,taxResDays,Tax-residency threshold,Tax,>183 days/12 mo (or intent to reside),183,days,2026-07,fresh,1,6,high,"Direktorat Jenderal Pajak (DJP), Indonesia",https://pajak.go.id/en/node/118835,official
Indonesia (Bali),bali,citPath,Path to citizenship,Visa & Residency,"5+ yrs, Bahasa, renounce — rarely pursued",5,years,2026-07,fresh,1,3,high,"Direktorat Jenderal Imigrasi, Indonesia",https://www.imigrasi.go.id/wna/daftar-visa-indonesia/E33F,official
Indonesia (Bali),bali,deposit,Deposit / bond required,Finance & Property,E33F none; Second Home IDR 2B (~$130k),130000,USD,2026-07,fresh,1,3,high,"Direktorat Jenderal Imigrasi, Indonesia",https://www.imigrasi.go.id/wna/daftar-visa-indonesia/E33F,official
Indonesia (Bali),bali,setupCost,Cost to establish residency,Finance & Property,E33F ~$0.8–1.5k/yr all-in with agent,800,USD/yr,2026-07,fresh,1,3,high,"Direktorat Jenderal Imigrasi, Indonesia",https://www.imigrasi.go.id/wna/daftar-visa-indonesia/E33F,official
Indonesia (Bali),bali,propTax,Annual property tax,Tax,PBB ~0.1–0.3% — low,0.1,%,2026-07,fresh,1,3,high,"Direktorat Jenderal Pajak (DJP), Indonesia",https://pajak.go.id/en/node/118835,official
Indonesia (Bali),bali,cgt,Capital gains tax,Tax,As ordinary income to 35% — enforcement patchy,35,%,2026-07,fresh,1,3,high,"Direktorat Jenderal Pajak (DJP), Indonesia",https://pajak.go.id/en/node/118835,official
Indonesia (Bali),bali,procTime,Visa processing time,Visa & Residency,E33F e-visa ~2–6 wks offshore,,,2026-07,fresh,1,6,solid,"Direktorat Jenderal Imigrasi, Indonesia",https://www.imigrasi.go.id/wna/daftar-visa-indonesia/E33F,official
Indonesia (Bali),bali,heirship,Forced-heirship rules,Finance & Property,Civil-code reserved shares — make a local notarial will,,,2026-07,fresh,1,24,solid,National civil and property code,,secondary
Indonesia (Bali),bali,insReq,Health insurance required,Logistics,Yes — min IDR 25M/yr cover,,,2026-07,fresh,1,3,solid,"Direktorat Jenderal Imigrasi, Indonesia",https://www.imigrasi.go.id/wna/daftar-visa-indonesia/E33F,official
Indonesia (Bali),bali,renew,Visa renewal ease,Logistics,Annual up to 5 yrs + address reporting,,,2026-07,fresh,1,3,solid,"Direktorat Jenderal Imigrasi, Indonesia",https://www.imigrasi.go.id/wna/daftar-visa-indonesia/E33F,official
Indonesia (Bali),bali,deps,Provision for dependents,Logistics,"Spouse via E31 dependent KITAS, extra cost",,,2026-07,fresh,1,3,solid,"Direktorat Jenderal Imigrasi, Indonesia",https://www.imigrasi.go.id/wna/daftar-visa-indonesia/E33F,official
Vietnam,vietnam,costUsd,Cost of living,Living,1400,1400,USD/mo,2026-07,fresh,1,6,high,Thon,https://thonretire.com/method,thon
Vietnam,vietnam,fly,Flight time from Australia,Logistics,8,8,hours,2026-07,fresh,1,24,high,Thon,https://thonretire.com/method,thon
Vietnam,vietnam,health,Healthcare quality,Living,6.3,6.3,/10,2026-07,fresh,1,6,high,Thon,https://thonretire.com/method,thon
Vietnam,vietnam,safety,Safety,Living,7.5,7.5,/10,2026-07,fresh,1,6,high,Thon,https://thonretire.com/method,thon
Vietnam,vietnam,score,Thon best-fit score,Thon composite,60,60,/100,2026-07,fresh,1,6,high,Thon,https://thonretire.com/method,thon
Vietnam,vietnam,tax,Tax on foreign pension,Tax,0%,0,%,2026-07,fresh,1,3,solid,,,
Vietnam,vietnam,inc,Min income / assets,Visa & Residency,90-day e-visa cycles,,,2026-07,fresh,1,3,solid,"Vietnam Immigration Department, Ministry of Public Security",https://xuatnhapcanh.gov.vn/en/tin-tuc/procedures-temporary-residence-cards-foreigners-vietnam-immigration-department-ministry,official
Vietnam,vietnam,visa,Retirement visa,Visa & Residency,No dedicated retiree visa,,,2026-07,fresh,1,3,solid,"Vietnam Immigration Department, Ministry of Public Security",https://xuatnhapcanh.gov.vn/en/tin-tuc/procedures-temporary-residence-cards-foreigners-vietnam-immigration-department-ministry,official
Vietnam,vietnam,pr,Path to permanent residency,Visa & Residency,Near-unattainable,,,2026-07,fresh,1,3,solid,"Vietnam Immigration Department, Ministry of Public Security",https://xuatnhapcanh.gov.vn/en/tin-tuc/procedures-temporary-residence-cards-foreigners-vietnam-immigration-department-ministry,official
Vietnam,vietnam,inherit,Inheritance / estate tax,Tax,PIT 10% on some transfers,,,2026-07,fresh,1,24,solid,,,
Vietnam,vietnam,prop,Foreign property ownership,Finance & Property,Apartment 50-yr (no land),,,2026-07,fresh,1,24,solid,National civil and property code,,secondary
Vietnam,vietnam,minAge,Minimum age,Visa & Residency,— no retiree visa exists (Jul 2026),,,2026-07,fresh,1,3,solid,"Vietnam Immigration Department, Ministry of Public Security",https://xuatnhapcanh.gov.vn/en/tin-tuc/procedures-temporary-residence-cards-foreigners-vietnam-immigration-department-ministry,official
Vietnam,vietnam,taxResDays,Tax-residency threshold,Tax,183 days — or leasing a home ≥183 days deems resident,183,days,2026-07,fresh,1,6,solid,,,
Vietnam,vietnam,citPath,Path to citizenship,Visa & Residency,5 yrs on paper; renounce (2025 exceptions) — rare,5,years,2026-07,fresh,1,3,solid,"Vietnam Immigration Department, Ministry of Public Security",https://xuatnhapcanh.gov.vn/en/tin-tuc/procedures-temporary-residence-cards-foreigners-vietnam-immigration-department-ministry,official
Vietnam,vietnam,deposit,Deposit / bond required,Finance & Property,None; investor TRC needs ≥VND 3B (~$115k) real business,115000,USD,2026-07,fresh,1,3,solid,"Vietnam Immigration Department, Ministry of Public Security",https://xuatnhapcanh.gov.vn/en/tin-tuc/procedures-temporary-residence-cards-foreigners-vietnam-immigration-department-ministry,official
Vietnam,vietnam,setupCost,Cost to establish residency,Finance & Property,E-visa ~$300–600/yr + border runs,300,USD/yr,2026-07,fresh,1,3,solid,"Vietnam Immigration Department, Ministry of Public Security",https://xuatnhapcanh.gov.vn/en/tin-tuc/procedures-temporary-residence-cards-foreigners-vietnam-immigration-department-ministry,official
Vietnam,vietnam,propTax,Annual property tax,Tax,None annual — tiny land-use levy,,,2026-07,fresh,1,3,solid,,,
Vietnam,vietnam,cgt,Capital gains tax,Tax,0.1% of proceeds (securities) / 20% other gains,0.1,%,2026-07,fresh,1,3,solid,,,
Vietnam,vietnam,procTime,Visa processing time,Visa & Residency,90-day e-visa: 3–5 working days,,,2026-07,fresh,1,6,solid,"Vietnam Immigration Department, Ministry of Public Security",https://xuatnhapcanh.gov.vn/en/tin-tuc/procedures-temporary-residence-cards-foreigners-vietnam-immigration-department-ministry,official
Vietnam,vietnam,heirship,Forced-heirship rules,Finance & Property,Will OK but spouse/minors/parents keep 2/3 statutory floor,,,2026-07,fresh,1,24,solid,National civil and property code,,secondary
Vietnam,vietnam,insReq,Health insurance required,Logistics,No — none for e-visa,,,2026-07,fresh,1,3,solid,"Vietnam Immigration Department, Ministry of Public Security",https://xuatnhapcanh.gov.vn/en/tin-tuc/procedures-temporary-residence-cards-foreigners-vietnam-immigration-department-ministry,official
Vietnam,vietnam,renew,Visa renewal ease,Logistics,Perpetual 90-day cycles + border runs — the burden IS the system,,,2026-07,fresh,1,3,solid,"Vietnam Immigration Department, Ministry of Public Security",https://xuatnhapcanh.gov.vn/en/tin-tuc/procedures-temporary-residence-cards-foreigners-vietnam-immigration-department-ministry,official
Vietnam,vietnam,deps,Provision for dependents,Logistics,No scheme — each adult needs own visa,,,2026-07,fresh,1,3,solid,"Vietnam Immigration Department, Ministry of Public Security",https://xuatnhapcanh.gov.vn/en/tin-tuc/procedures-temporary-residence-cards-foreigners-vietnam-immigration-department-ministry,official
